ID Cliente,Nombre,Dirección,Correo Electrónico,Teléfono,Última Actualización (días),Pedido Válido,Tiempo Acceso (seg)
1,,Calle 789,anagmail.com,61234-5678,29,Válido,0.58
2,,Calle 123,,+34 698765432,12,Inválido,0.28
3,,Calle 456,juan.perez@email.com,61234-5678,1,Inválido,0.49
4,,Calle 456,,,7,Válido,0.48
5,Luis Martínez,Calle 123,anagmail.com,+34 698765432,14,Válido,0.8
6,,Calle 789,juan.perez@email.com,,11,Inválido,0.3
7,,Calle 456,luis.martinez@email.com,+34 612345678,10,Válido,0.73
8,,Calle 789,juan.perez@email.com,61234-5678,15,Válido,0.4
9,Juan Pérez,,luis.martinez@email.com,61234-5678,17,Inválido,0.47
10,Ana García,Calle 456,anagmail.com,+34 698765432,24,Inválido,0.66
11,Ana García,Calle 456,luis.martinez@email.com,+34 612345678,22,Inválido,0.34
12,,Calle 456,anagmail.com,+34 698765432,1,Válido,0.22
13,,Calle 123,,,9,Válido,0.56
14,Luis Martínez,,juan.perez@email.com,,9,Válido,0.46
15,Luis Martínez,Calle 789,anagmail.com,,11,Válido,0.56
16,Ana García,Calle 456,anagmail.com,,1,Válido,0.59
17,,Calle 456,anagmail.com,+34 698765432,9,Válido,0.73
18,Juan Pérez,Calle 456,juan.perez@email.com,+34 698765432,29,Válido,0.46
19,,Calle 789,anagmail.com,+34 698765432,15,Válido,0.39
20,Juan Pérez,Calle 456,juan.perez@email.com,61234-5678,28,Inválido,0.7
21,Ana García,,luis.martinez@email.com,,4,Válido,0.27
22,Luis Martínez,Calle 789,luis.martinez@email.com,,24,Inválido,0.63
23,Juan Pérez,,luis.martinez@email.com,61234-5678,20,Válido,0.66
24,Luis Martínez,Calle 789,juan.perez@email.com,61234-5678,27,Inválido,0.4
25,Luis Martínez,Calle 123,luis.martinez@email.com,,10,Inválido,0.27
26,Luis Martínez,,anagmail.com,,8,Válido,0.46
27,Luis Martínez,Calle 789,luis.martinez@email.com,+34 612345678,19,Válido,0.39
28,Juan Pérez,Calle 789,,61234-5678,20,Inválido,0.39
29,,,juan.perez@email.com,+34 698765432,27,Inválido,0.71
30,Luis Martínez,Calle 456,juan.perez@email.com,,20,Inválido,0.28
31,,Calle 789,juan.perez@email.com,61234-5678,19,Válido,0.42
32,Luis Martínez,Calle 456,,61234-5678,12,Válido,0.71
33,Juan Pérez,,anagmail.com,61234-5678,28,Válido,0.49
34,,Calle 123,anagmail.com,+34 698765432,18,Válido,0.54
35,Juan Pérez,Calle 123,luis.martinez@email.com,,24,Inválido,0.5
36,Ana García,Calle 123,juan.perez@email.com,+34 612345678,22,Válido,0.73
37,Ana García,Calle 123,juan.perez@email.com,+34 612345678,29,Válido,0.21
38,Juan Pérez,Calle 789,anagmail.com,+34 612345678,5,Inválido,0.78
39,Ana García,Calle 456,juan.perez@email.com,,4,Válido,0.47
40,Luis Martínez,Calle 456,luis.martinez@email.com,,24,Inválido,0.69
41,Luis Martínez,Calle 123,luis.martinez@email.com,,4,Inválido,0.54
42,Ana García,Calle 789,juan.perez@email.com,61234-5678,1,Válido,0.57
43,,Calle 789,,+34 698765432,10,Inválido,0.52
44,Juan Pérez,Calle 789,juan.perez@email.com,,8,Inválido,0.29
45,Luis Martínez,Calle 123,luis.martinez@email.com,+34 698765432,3,Inválido,0.65
46,,Calle 456,,+34 698765432,14,Inválido,0.46
47,Luis Martínez,Calle 123,,+34 698765432,26,Inválido,0.43
48,Ana García,Calle 789,,,1,Válido,0.33
49,Luis Martínez,Calle 123,anagmail.com,,12,Válido,0.63
50,,Calle 456,,61234-5678,13,Válido,0.34
51,,Calle 789,luis.martinez@email.com,61234-5678,16,Inválido,0.49
52,Ana García,Calle 123,juan.perez@email.com,+34 612345678,22,Válido,0.74
53,Juan Pérez,Calle 456,luis.martinez@email.com,+34 698765432,28,Inválido,0.23
54,Juan Pérez,Calle 123,luis.martinez@email.com,+34 698765432,23,Válido,0.23
55,Juan Pérez,Calle 123,luis.martinez@email.com,+34 612345678,2,Inválido,0.36
56,Ana García,Calle 123,luis.martinez@email.com,+34 612345678,8,Válido,0.34
57,Ana García,,juan.perez@email.com,61234-5678,29,Inválido,0.53
58,Juan Pérez,,luis.martinez@email.com,61234-5678,13,Inválido,0.57
59,Juan Pérez,Calle 123,anagmail.com,61234-5678,3,Inválido,0.61
60,Luis Martínez,Calle 123,anagmail.com,+34 698765432,8,Válido,0.79
61,,Calle 789,anagmail.com,+34 698765432,3,Válido,0.66
62,Juan Pérez,,anagmail.com,61234-5678,13,Inválido,0.74
63,,Calle 789,luis.martinez@email.com,61234-5678,23,Inválido,0.79
64,Luis Martínez,Calle 123,anagmail.com,,26,Válido,0.26
65,,Calle 789,anagmail.com,+34 612345678,18,Válido,0.55
66,,Calle 123,anagmail.com,+34 612345678,26,Inválido,0.26
67,Ana García,Calle 789,anagmail.com,61234-5678,19,Válido,0.32
68,Luis Martínez,Calle 456,anagmail.com,+34 612345678,15,Inválido,0.61
69,Juan Pérez,,,+34 698765432,26,Válido,0.58
70,Juan Pérez,Calle 789,juan.perez@email.com,+34 698765432,19,Inválido,0.49
71,,Calle 789,anagmail.com,61234-5678,21,Inválido,0.73
72,,Calle 789,luis.martinez@email.com,,15,Inválido,0.57
73,Luis Martínez,Calle 456,juan.perez@email.com,+34 698765432,2,Inválido,0.55
74,Ana García,Calle 789,anagmail.com,61234-5678,27,Inválido,0.37
75,Luis Martínez,Calle 123,juan.perez@email.com,+34 698765432,3,Válido,0.64
76,Ana García,,juan.perez@email.com,+34 698765432,24,Válido,0.69
77,Juan Pérez,Calle 456,luis.martinez@email.com,+34 612345678,15,Inválido,0.72
78,Ana García,Calle 456,,,17,Inválido,0.73
79,Juan Pérez,,,61234-5678,6,Válido,0.43
80,Ana García,Calle 456,luis.martinez@email.com,61234-5678,3,Válido,0.65
81,Luis Martínez,Calle 456,luis.martinez@email.com,,11,Válido,0.34
82,,Calle 789,,61234-5678,29,Inválido,0.63
83,Juan Pérez,Calle 456,luis.martinez@email.com,+34 698765432,27,Válido,0.67
84,Luis Martínez,Calle 456,anagmail.com,+34 698765432,19,Inválido,0.71
85,Juan Pérez,Calle 789,anagmail.com,61234-5678,25,Válido,0.62
86,Juan Pérez,Calle 456,luis.martinez@email.com,,18,Válido,0.36
87,Luis Martínez,Calle 456,anagmail.com,61234-5678,24,Válido,0.42
88,Luis Martínez,Calle 789,luis.martinez@email.com,,2,Inválido,0.24
89,Luis Martínez,Calle 789,,61234-5678,13,Inválido,0.59
90,Ana García,,anagmail.com,61234-5678,26,Inválido,0.4
91,Juan Pérez,,luis.martinez@email.com,61234-5678,27,Válido,0.62
92,,Calle 123,anagmail.com,,4,Inválido,0.33
93,Ana García,Calle 456,juan.perez@email.com,+34 698765432,28,Inválido,0.22
94,,Calle 456,juan.perez@email.com,61234-5678,20,Válido,0.56
95,Ana García,Calle 789,juan.perez@email.com,+34 612345678,18,Válido,0.55
96,,Calle 123,juan.perez@email.com,+34 698765432,30,Válido,0.29
97,Luis Martínez,Calle 123,,+34 698765432,22,Válido,0.21
98,,Calle 789,juan.perez@email.com,+34 612345678,16,Inválido,0.24
99,Ana García,,anagmail.com,+34 698765432,25,Inválido,0.71
100,Luis Martínez,Calle 123,juan.perez@email.com,+34 612345678,6,Válido,0.42
101,Luis Martínez,Calle 789,juan.perez@email.com,61234-5678,15,Inválido,0.57
102,,Calle 789,,+34 698765432,5,Inválido,0.3
103,Luis Martínez,Calle 123,,,21,Válido,0.46
104,Juan Pérez,Calle 789,juan.perez@email.com,+34 698765432,14,Válido,0.4
105,,Calle 789,luis.martinez@email.com,+34 698765432,26,Inválido,0.45
106,Ana García,,juan.perez@email.com,+34 612345678,4,Inválido,0.32
107,Luis Martínez,Calle 789,juan.perez@email.com,,27,Válido,0.22
108,Ana García,,anagmail.com,+34 612345678,8,Válido,0.73
109,Juan Pérez,Calle 456,luis.martinez@email.com,,27,Válido,0.66
110,Juan Pérez,Calle 123,luis.martinez@email.com,61234-5678,22,Inválido,0.33
111,,Calle 456,luis.martinez@email.com,61234-5678,14,Válido,0.6
112,Ana García,Calle 123,,,6,Inválido,0.64
113,Luis Martínez,Calle 123,anagmail.com,61234-5678,9,Válido,0.76
114,Ana García,Calle 789,anagmail.com,+34 612345678,29,Válido,0.46
115,Ana García,Calle 123,,61234-5678,5,Inválido,0.66
116,Juan Pérez,Calle 456,,+34 698765432,24,Válido,0.6
117,Juan Pérez,Calle 123,,61234-5678,25,Válido,0.35
118,Juan Pérez,Calle 123,juan.perez@email.com,,19,Válido,0.44
119,Ana García,Calle 123,anagmail.com,61234-5678,21,Inválido,0.37
120,Ana García,Calle 123,luis.martinez@email.com,+34 698765432,6,Inválido,0.65
121,Ana García,Calle 123,luis.martinez@email.com,,3,Inválido,0.51
122,,Calle 789,juan.perez@email.com,+34 612345678,16,Inválido,0.51
123,Luis Martínez,Calle 123,anagmail.com,61234-5678,12,Válido,0.68
124,Ana García,Calle 789,juan.perez@email.com,+34 612345678,2,Inválido,0.47
125,Ana García,,luis.martinez@email.com,+34 698765432,12,Inválido,0.74
126,,,,+34 612345678,16,Válido,0.43
127,Juan Pérez,Calle 123,anagmail.com,,20,Válido,0.67
128,Juan Pérez,Calle 456,,+34 612345678,20,Válido,0.5
129,Luis Martínez,Calle 789,,61234-5678,14,Inválido,0.63
130,,Calle 123,juan.perez@email.com,+34 612345678,27,Inválido,0.64
131,Juan Pérez,Calle 789,juan.perez@email.com,61234-5678,9,Inválido,0.45
132,Luis Martínez,Calle 123,luis.martinez@email.com,+34 698765432,12,Inválido,0.37
133,Juan Pérez,Calle 123,luis.martinez@email.com,61234-5678,21,Válido,0.8
134,Luis Martínez,Calle 123,anagmail.com,+34 612345678,22,Válido,0.44
135,,Calle 456,,,22,Válido,0.25
136,,Calle 789,luis.martinez@email.com,+34 612345678,18,Válido,0.64
137,Juan Pérez,Calle 789,juan.perez@email.com,+34 612345678,6,Inválido,0.73
138,,,luis.martinez@email.com,,24,Válido,0.33
139,,,anagmail.com,,26,Inválido,0.79
140,Luis Martínez,Calle 123,,+34 612345678,26,Inválido,0.63
141,Ana García,Calle 456,anagmail.com,,4,Válido,0.7
142,Luis Martínez,Calle 123,,,13,Válido,0.72
143,Luis Martínez,,anagmail.com,+34 612345678,3,Válido,0.42
144,,Calle 456,,61234-5678,1,Inválido,0.74
145,Luis Martínez,,anagmail.com,+34 698765432,15,Inválido,0.3
146,Juan Pérez,Calle 456,luis.martinez@email.com,,25,Válido,0.57
147,,Calle 456,luis.martinez@email.com,+34 698765432,27,Inválido,0.77
148,Juan Pérez,Calle 456,luis.martinez@email.com,61234-5678,9,Inválido,0.29
149,Ana García,,anagmail.com,61234-5678,1,Válido,0.74
150,Ana García,,,,29,Válido,0.5
151,,Calle 123,juan.perez@email.com,+34 698765432,5,Inválido,0.29
152,Ana García,Calle 789,,61234-5678,17,Válido,0.57
153,Juan Pérez,Calle 789,luis.martinez@email.com,,30,Inválido,0.2
154,Luis Martínez,Calle 456,,,3,Inválido,0.5
155,,Calle 456,,,26,Válido,0.23
156,Luis Martínez,Calle 789,luis.martinez@email.com,61234-5678,4,Inválido,0.45
157,Luis Martínez,Calle 123,luis.martinez@email.com,61234-5678,12,Inválido,0.7
158,Ana García,Calle 123,,61234-5678,23,Inválido,0.33
159,,Calle 123,luis.martinez@email.com,+34 698765432,2,Válido,0.36
160,Luis Martínez,Calle 456,,61234-5678,1,Válido,0.43
161,,,anagmail.com,+34 698765432,29,Válido,0.61
162,Luis Martínez,Calle 123,juan.perez@email.com,+34 612345678,3,Inválido,0.22
163,Luis Martínez,Calle 456,luis.martinez@email.com,+34 612345678,23,Válido,0.21
164,,,luis.martinez@email.com,+34 698765432,18,Válido,0.39
165,,Calle 789,juan.perez@email.com,61234-5678,14,Válido,0.53
166,Ana García,,luis.martinez@email.com,+34 612345678,20,Inválido,0.73
167,Juan Pérez,Calle 123,anagmail.com,61234-5678,19,Inválido,0.78
168,Juan Pérez,Calle 123,juan.perez@email.com,+34 612345678,14,Válido,0.76
169,,Calle 456,luis.martinez@email.com,+34 612345678,27,Inválido,0.23
170,Luis Martínez,,,+34 612345678,23,Válido,0.35
171,,,,61234-5678,11,Válido,0.57
172,Juan Pérez,,anagmail.com,+34 698765432,23,Válido,0.69
173,,Calle 123,anagmail.com,,22,Inválido,0.67
174,,Calle 456,juan.perez@email.com,61234-5678,21,Inválido,0.31
175,Juan Pérez,Calle 789,anagmail.com,+34 612345678,29,Inválido,0.56
176,,,juan.perez@email.com,+34 698765432,15,Inválido,0.33
177,,,anagmail.com,+34 612345678,28,Inválido,0.21
178,Ana García,,,+34 698765432,6,Inválido,0.63
179,,,anagmail.com,61234-5678,13,Válido,0.73
180,Ana García,Calle 456,juan.perez@email.com,,20,Válido,0.51
181,Ana García,Calle 789,juan.perez@email.com,+34 612345678,29,Inválido,0.59
182,Luis Martínez,,,61234-5678,3,Inválido,0.59
183,Luis Martínez,Calle 456,anagmail.com,+34 698765432,10,Inválido,0.54
184,Luis Martínez,Calle 123,juan.perez@email.com,61234-5678,4,Válido,0.62
185,Juan Pérez,Calle 456,,+34 698765432,15,Válido,0.58
186,,Calle 789,juan.perez@email.com,+34 698765432,9,Inválido,0.31
187,,Calle 123,luis.martinez@email.com,+34 698765432,13,Válido,0.42
188,,Calle 456,juan.perez@email.com,+34 698765432,15,Inválido,0.64
189,Ana García,Calle 789,,61234-5678,8,Inválido,0.66
190,Juan Pérez,Calle 789,juan.perez@email.com,,10,Inválido,0.74
191,Ana García,Calle 789,,61234-5678,14,Válido,0.74
192,Luis Martínez,Calle 456,,61234-5678,13,Inválido,0.72
193,Juan Pérez,Calle 456,luis.martinez@email.com,+34 698765432,26,Válido,0.58
194,Juan Pérez,,anagmail.com,,9,Válido,0.38
195,Ana García,Calle 789,anagmail.com,+34 612345678,22,Válido,0.2
196,Juan Pérez,Calle 789,,,21,Inválido,0.45
197,Luis Martínez,,juan.perez@email.com,+34 612345678,26,Válido,0.37
198,Juan Pérez,Calle 789,juan.perez@email.com,,22,Válido,0.64
199,Juan Pérez,Calle 456,anagmail.com,+34 612345678,16,Válido,0.64
200,Ana García,Calle 123,anagmail.com,+34 698765432,3,Inválido,0.68
201,,,luis.martinez@email.com,,5,Inválido,0.66
202,Juan Pérez,Calle 123,anagmail.com,61234-5678,2,Válido,0.22
203,,Calle 789,,61234-5678,21,Inválido,0.29
204,Ana García,Calle 456,juan.perez@email.com,+34 698765432,19,Inválido,0.21
205,Luis Martínez,Calle 789,juan.perez@email.com,61234-5678,9,Inválido,0.61
206,,Calle 123,juan.perez@email.com,,27,Inválido,0.38
207,Juan Pérez,Calle 789,anagmail.com,61234-5678,24,Inválido,0.69
208,Luis Martínez,Calle 123,juan.perez@email.com,61234-5678,15,Válido,0.4
209,Juan Pérez,Calle 789,,+34 612345678,11,Inválido,0.21
210,,,juan.perez@email.com,+34 698765432,4,Inválido,0.53
211,,,juan.perez@email.com,,18,Válido,0.71
212,Juan Pérez,,,,29,Válido,0.68
213,,,anagmail.com,61234-5678,16,Válido,0.27
214,Juan Pérez,,juan.perez@email.com,,30,Inválido,0.39
215,Ana García,Calle 789,anagmail.com,+34 698765432,2,Inválido,0.51
216,,,anagmail.com,+34 612345678,14,Válido,0.79
217,,,juan.perez@email.com,61234-5678,27,Inválido,0.56
218,Luis Martínez,,luis.martinez@email.com,+34 698765432,25,Válido,0.8
219,Ana García,,juan.perez@email.com,,15,Inválido,0.79
220,Ana García,,anagmail.com,+34 698765432,4,Inválido,0.58
221,Juan Pérez,,,61234-5678,12,Inválido,0.77
222,Juan Pérez,Calle 456,luis.martinez@email.com,,23,Válido,0.55
223,Luis Martínez,,juan.perez@email.com,+34 698765432,13,Inválido,0.31
224,Ana García,Calle 123,juan.perez@email.com,,16,Inválido,0.32
225,Luis Martínez,Calle 123,juan.perez@email.com,+34 612345678,21,Inválido,0.53
226,Luis Martínez,,juan.perez@email.com,61234-5678,16,Inválido,0.56
227,Juan Pérez,Calle 456,luis.martinez@email.com,61234-5678,19,Inválido,0.33
228,Juan Pérez,Calle 456,anagmail.com,,4,Válido,0.69
229,Ana García,Calle 123,,,28,Inválido,0.46
230,,Calle 123,,,27,Inválido,0.38
231,Juan Pérez,,anagmail.com,61234-5678,14,Válido,0.66
232,,,luis.martinez@email.com,,1,Inválido,0.69
233,Luis Martínez,,juan.perez@email.com,61234-5678,10,Válido,0.57
234,Ana García,,anagmail.com,+34 698765432,21,Válido,0.66
235,Juan Pérez,Calle 456,luis.martinez@email.com,,11,Válido,0.64
236,Juan Pérez,Calle 456,anagmail.com,61234-5678,20,Válido,0.69
237,,Calle 456,juan.perez@email.com,+34 698765432,22,Inválido,0.52
238,Ana García,,luis.martinez@email.com,+34 698765432,27,Válido,0.77
239,Ana García,Calle 456,juan.perez@email.com,+34 698765432,3,Inválido,0.21
240,Ana García,Calle 789,anagmail.com,+34 612345678,8,Válido,0.26
241,Luis Martínez,,juan.perez@email.com,+34 698765432,14,Válido,0.25
242,Luis Martínez,Calle 789,anagmail.com,+34 612345678,9,Válido,0.3
243,,Calle 123,luis.martinez@email.com,61234-5678,5,Válido,0.76
244,Ana García,Calle 123,,61234-5678,14,Válido,0.6
245,Juan Pérez,Calle 123,anagmail.com,+34 698765432,16,Inválido,0.27
246,Juan Pérez,,juan.perez@email.com,+34 698765432,5,Inválido,0.34
247,Juan Pérez,Calle 123,,61234-5678,30,Inválido,0.3
248,,Calle 789,anagmail.com,,18,Inválido,0.42
249,Ana García,Calle 789,,+34 612345678,1,Inválido,0.45
250,Luis Martínez,,anagmail.com,61234-5678,27,Inválido,0.31
251,Ana García,Calle 456,juan.perez@email.com,+34 612345678,20,Inválido,0.62
252,Juan Pérez,Calle 789,luis.martinez@email.com,+34 612345678,7,Válido,0.77
253,Ana García,Calle 456,anagmail.com,+34 612345678,5,Inválido,0.4
254,,Calle 789,juan.perez@email.com,,7,Válido,0.64
255,,Calle 456,,61234-5678,20,Válido,0.39
256,,Calle 456,luis.martinez@email.com,,4,Inválido,0.33
257,Juan Pérez,,luis.martinez@email.com,61234-5678,24,Válido,0.71
258,,Calle 123,,,15,Válido,0.46
259,Luis Martínez,Calle 789,,+34 698765432,14,Válido,0.49
260,Juan Pérez,,,61234-5678,19,Inválido,0.57
261,Luis Martínez,Calle 456,,+34 612345678,16,Válido,0.31
262,Ana García,Calle 789,anagmail.com,+34 698765432,20,Válido,0.21
263,,Calle 123,luis.martinez@email.com,+34 698765432,11,Inválido,0.59
264,Luis Martínez,Calle 456,anagmail.com,,6,Inválido,0.54
265,Ana García,Calle 123,,61234-5678,16,Válido,0.35
266,,Calle 123,luis.martinez@email.com,+34 698765432,29,Inválido,0.57
267,Juan Pérez,Calle 456,,61234-5678,7,Inválido,0.21
268,,Calle 123,,,30,Inválido,0.49
269,Juan Pérez,,juan.perez@email.com,61234-5678,23,Válido,0.76
270,,Calle 789,juan.perez@email.com,+34 612345678,6,Válido,0.73
271,Luis Martínez,Calle 789,anagmail.com,,6,Inválido,0.6
272,Juan Pérez,Calle 456,,,28,Válido,0.46
273,Ana García,Calle 456,,+34 612345678,22,Inválido,0.57
274,,Calle 789,,,13,Válido,0.75
275,,Calle 789,anagmail.com,,3,Inválido,0.37
276,Juan Pérez,Calle 789,anagmail.com,+34 612345678,28,Inválido,0.26
277,Ana García,Calle 456,,+34 698765432,9,Inválido,0.42
278,Luis Martínez,,,+34 698765432,15,Válido,0.52
279,Ana García,Calle 789,anagmail.com,61234-5678,3,Válido,0.64
280,Luis Martínez,Calle 123,anagmail.com,+34 612345678,4,Válido,0.33
281,Luis Martínez,,juan.perez@email.com,+34 698765432,2,Inválido,0.66
282,Ana García,,,,6,Inválido,0.63
283,Luis Martínez,Calle 789,luis.martinez@email.com,+34 698765432,9,Inválido,0.59
284,Luis Martínez,Calle 123,,+34 698765432,13,Inválido,0.54
285,,,juan.perez@email.com,61234-5678,17,Válido,0.29
286,Juan Pérez,Calle 789,,+34 612345678,16,Válido,0.31
287,,Calle 123,luis.martinez@email.com,61234-5678,10,Válido,0.56
288,Ana García,Calle 123,,+34 612345678,26,Válido,0.53
289,Ana García,Calle 456,luis.martinez@email.com,+34 698765432,7,Válido,0.73
290,Luis Martínez,Calle 789,,,28,Válido,0.22
291,Juan Pérez,,luis.martinez@email.com,,27,Válido,0.29
292,Ana García,Calle 123,juan.perez@email.com,61234-5678,13,Inválido,0.54
293,Luis Martínez,Calle 456,juan.perez@email.com,+34 698765432,1,Válido,0.28
294,Juan Pérez,Calle 456,juan.perez@email.com,,4,Válido,0.34
295,Ana García,Calle 123,,+34 698765432,7,Válido,0.26
296,,,juan.perez@email.com,+34 698765432,14,Inválido,0.41
297,,,,61234-5678,27,Válido,0.64
298,,,,,27,Inválido,0.49
299,Juan Pérez,Calle 456,juan.perez@email.com,,21,Inválido,0.57
300,Juan Pérez,Calle 123,juan.perez@email.com,,6,Inválido,0.3
301,,,luis.martinez@email.com,+34 612345678,9,Válido,0.44
302,Ana García,Calle 456,,+34 698765432,10,Inválido,0.23
303,Ana García,Calle 456,luis.martinez@email.com,,23,Inválido,0.55
304,Juan Pérez,Calle 789,juan.perez@email.com,+34 698765432,21,Inválido,0.74
305,Ana García,Calle 456,luis.martinez@email.com,+34 698765432,28,Válido,0.49
306,Ana García,,,61234-5678,23,Válido,0.37
307,Juan Pérez,Calle 123,anagmail.com,+34 612345678,2,Inválido,0.31
308,Luis Martínez,Calle 789,,+34 698765432,27,Válido,0.27
309,Ana García,,,+34 612345678,20,Válido,0.8
310,Juan Pérez,Calle 789,juan.perez@email.com,61234-5678,14,Válido,0.49
311,Luis Martínez,Calle 789,,,16,Válido,0.53
312,Luis Martínez,,anagmail.com,61234-5678,30,Válido,0.44
313,Luis Martínez,,anagmail.com,+34 612345678,7,Válido,0.52
314,Luis Martínez,Calle 456,,+34 612345678,3,Válido,0.28
315,,Calle 456,,+34 612345678,9,Inválido,0.53
316,Ana García,Calle 456,juan.perez@email.com,+34 612345678,25,Válido,0.25
317,Juan Pérez,Calle 456,,+34 698765432,27,Inválido,0.76
318,,,,61234-5678,4,Válido,0.3
319,,Calle 789,luis.martinez@email.com,+34 698765432,1,Inválido,0.39
320,Ana García,Calle 123,juan.perez@email.com,61234-5678,17,Inválido,0.54
321,Luis Martínez,Calle 123,luis.martinez@email.com,+34 612345678,7,Válido,0.78
322,,Calle 789,,61234-5678,23,Inválido,0.66
323,Ana García,Calle 456,,,15,Válido,0.6
324,,,,+34 612345678,10,Inválido,0.2
325,Juan Pérez,Calle 456,luis.martinez@email.com,+34 698765432,18,Inválido,0.39
326,Juan Pérez,,luis.martinez@email.com,+34 698765432,20,Válido,0.74
327,Juan Pérez,Calle 456,anagmail.com,61234-5678,17,Inválido,0.72
328,,Calle 456,juan.perez@email.com,+34 698765432,18,Inválido,0.73
329,Ana García,,,61234-5678,29,Inválido,0.7
330,Ana García,Calle 456,luis.martinez@email.com,,7,Válido,0.24
331,,Calle 789,luis.martinez@email.com,61234-5678,4,Válido,0.27
332,Juan Pérez,Calle 456,anagmail.com,+34 612345678,18,Inválido,0.21
333,,,juan.perez@email.com,61234-5678,7,Válido,0.42
334,Luis Martínez,Calle 123,juan.perez@email.com,+34 698765432,27,Válido,0.44
335,,Calle 789,juan.perez@email.com,,22,Válido,0.58
336,Ana García,Calle 123,juan.perez@email.com,+34 612345678,6,Inválido,0.61
337,,Calle 789,anagmail.com,61234-5678,1,Inválido,0.58
338,,,,,28,Válido,0.26
339,,Calle 789,,,14,Válido,0.43
340,Ana García,Calle 123,,+34 698765432,14,Válido,0.4
341,Ana García,,juan.perez@email.com,,25,Válido,0.47
342,Luis Martínez,Calle 789,,+34 698765432,25,Válido,0.44
343,,Calle 789,,61234-5678,7,Válido,0.34
344,Ana García,,anagmail.com,+34 612345678,28,Inválido,0.78
345,,Calle 456,luis.martinez@email.com,,23,Válido,0.55
346,Ana García,,,+34 612345678,10,Válido,0.23
347,Ana García,Calle 123,luis.martinez@email.com,61234-5678,11,Válido,0.8
348,,,anagmail.com,+34 698765432,13,Válido,0.57
349,Luis Martínez,Calle 123,juan.perez@email.com,+34 612345678,26,Inválido,0.34
350,Juan Pérez,Calle 123,,,4,Inválido,0.34
351,Ana García,Calle 456,juan.perez@email.com,,27,Inválido,0.5
352,Juan Pérez,Calle 789,juan.perez@email.com,+34 612345678,26,Inválido,0.34
353,Juan Pérez,Calle 789,,61234-5678,7,Válido,0.53
354,,,juan.perez@email.com,+34 612345678,26,Inválido,0.28
355,Ana García,,,,5,Válido,0.77
356,Ana García,Calle 123,anagmail.com,+34 612345678,4,Inválido,0.53
357,Luis Martínez,Calle 789,juan.perez@email.com,+34 612345678,24,Válido,0.41
358,,,juan.perez@email.com,+34 612345678,13,Inválido,0.62
359,,,,+34 698765432,16,Inválido,0.63
360,Juan Pérez,Calle 123,luis.martinez@email.com,+34 698765432,27,Válido,0.7
361,Luis Martínez,Calle 123,,+34 698765432,3,Válido,0.61
362,Luis Martínez,,anagmail.com,+34 698765432,19,Válido,0.47
363,,,juan.perez@email.com,,21,Válido,0.74
364,Luis Martínez,Calle 123,juan.perez@email.com,+34 612345678,2,Inválido,0.37
365,Juan Pérez,Calle 123,anagmail.com,+34 612345678,29,Inválido,0.37
366,Juan Pérez,Calle 789,luis.martinez@email.com,+34 612345678,10,Válido,0.63
367,Ana García,,,+34 612345678,5,Válido,0.23
368,Luis Martínez,,juan.perez@email.com,,13,Inválido,0.56
369,Juan Pérez,Calle 789,juan.perez@email.com,+34 698765432,9,Inválido,0.69
370,Ana García,Calle 123,,61234-5678,2,Inválido,0.24
371,,Calle 789,juan.perez@email.com,61234-5678,6,Inválido,0.3
372,Luis Martínez,Calle 123,,,22,Válido,0.34
373,,Calle 123,luis.martinez@email.com,61234-5678,2,Inválido,0.42
374,Ana García,Calle 456,luis.martinez@email.com,+34 612345678,13,Válido,0.75
375,,Calle 456,,+34 698765432,24,Válido,0.28
376,Luis Martínez,Calle 123,luis.martinez@email.com,+34 698765432,2,Inválido,0.5
377,Juan Pérez,,anagmail.com,61234-5678,22,Válido,0.33
378,Juan Pérez,Calle 456,anagmail.com,+34 698765432,7,Inválido,0.41
379,Luis Martínez,,juan.perez@email.com,,14,Válido,0.65
380,Ana García,Calle 456,juan.perez@email.com,61234-5678,24,Inválido,0.42
381,,Calle 123,luis.martinez@email.com,+34 612345678,27,Válido,0.55
382,Luis Martínez,Calle 789,luis.martinez@email.com,+34 612345678,5,Válido,0.54
383,Ana García,Calle 789,anagmail.com,61234-5678,21,Inválido,0.66
384,Luis Martínez,Calle 123,,,26,Válido,0.78
385,,Calle 789,luis.martinez@email.com,+34 612345678,23,Válido,0.79
386,Ana García,Calle 789,,,15,Válido,0.46
387,,,luis.martinez@email.com,,26,Válido,0.59
388,Luis Martínez,Calle 123,juan.perez@email.com,61234-5678,8,Válido,0.36
389,Juan Pérez,Calle 789,juan.perez@email.com,+34 612345678,9,Válido,0.36
390,,Calle 123,luis.martinez@email.com,+34 612345678,27,Válido,0.55
391,Ana García,Calle 123,luis.martinez@email.com,61234-5678,14,Inválido,0.63
392,Ana García,Calle 123,anagmail.com,61234-5678,16,Válido,0.33
393,,,juan.perez@email.com,+34 698765432,2,Inválido,0.41
394,Juan Pérez,,luis.martinez@email.com,+34 612345678,4,Inválido,0.44
395,Ana García,Calle 456,juan.perez@email.com,61234-5678,22,Inválido,0.5
396,Luis Martínez,Calle 789,luis.martinez@email.com,61234-5678,22,Válido,0.25
397,Ana García,,anagmail.com,+34 612345678,5,Válido,0.34
398,Ana García,Calle 456,anagmail.com,61234-5678,14,Válido,0.45
399,Juan Pérez,Calle 789,,,10,Inválido,0.25
400,Ana García,Calle 123,anagmail.com,+34 612345678,15,Válido,0.73
401,Juan Pérez,,,+34 612345678,8,Inválido,0.23
402,,Calle 123,luis.martinez@email.com,61234-5678,6,Inválido,0.66
403,Luis Martínez,Calle 789,,61234-5678,27,Inválido,0.63
404,Luis Martínez,Calle 123,anagmail.com,+34 698765432,9,Inválido,0.25
405,Ana García,Calle 789,anagmail.com,,14,Válido,0.26
406,,,,+34 612345678,19,Válido,0.78
407,Juan Pérez,Calle 456,juan.perez@email.com,+34 698765432,9,Inválido,0.74
408,Juan Pérez,Calle 789,luis.martinez@email.com,+34 698765432,4,Válido,0.65
409,,Calle 789,luis.martinez@email.com,61234-5678,22,Válido,0.74
410,Luis Martínez,Calle 123,luis.martinez@email.com,,20,Válido,0.64
411,,,anagmail.com,+34 698765432,17,Inválido,0.31
412,,,juan.perez@email.com,+34 612345678,2,Válido,0.72
413,Luis Martínez,,luis.martinez@email.com,,5,Inválido,0.51
414,Juan Pérez,Calle 456,luis.martinez@email.com,,18,Inválido,0.61
415,Luis Martínez,Calle 789,anagmail.com,,23,Válido,0.69
416,Ana García,Calle 456,,+34 698765432,1,Inválido,0.23
417,Juan Pérez,Calle 456,,,6,Inválido,0.35
418,Ana García,Calle 789,luis.martinez@email.com,+34 612345678,9,Válido,0.33
419,Luis Martínez,Calle 123,,+34 612345678,5,Válido,0.31
420,Juan Pérez,Calle 789,luis.martinez@email.com,+34 612345678,15,Inválido,0.76
421,Juan Pérez,Calle 789,,+34 612345678,24,Válido,0.51
422,Juan Pérez,Calle 123,anagmail.com,+34 698765432,24,Válido,0.53
423,Juan Pérez,Calle 789,luis.martinez@email.com,61234-5678,7,Válido,0.46
424,,Calle 123,luis.martinez@email.com,61234-5678,14,Inválido,0.73
425,Luis Martínez,Calle 789,juan.perez@email.com,,12,Inválido,0.77
426,,Calle 123,anagmail.com,,21,Válido,0.77
427,Luis Martínez,Calle 789,,,6,Válido,0.63
428,,Calle 456,luis.martinez@email.com,,10,Inválido,0.73
429,Juan Pérez,Calle 456,luis.martinez@email.com,61234-5678,24,Válido,0.51
430,,,anagmail.com,+34 698765432,6,Válido,0.7
431,Juan Pérez,Calle 789,anagmail.com,+34 612345678,14,Inválido,0.55
432,,Calle 789,juan.perez@email.com,+34 612345678,5,Válido,0.47
433,Ana García,,juan.perez@email.com,61234-5678,1,Válido,0.32
434,Ana García,Calle 123,luis.martinez@email.com,,16,Válido,0.21
435,Juan Pérez,Calle 789,juan.perez@email.com,,28,Inválido,0.56
436,Ana García,Calle 789,,,13,Inválido,0.66
437,,Calle 456,,61234-5678,2,Válido,0.39
438,Luis Martínez,Calle 123,anagmail.com,61234-5678,30,Inválido,0.35
439,Luis Martínez,Calle 789,luis.martinez@email.com,61234-5678,21,Inválido,0.48
440,,Calle 789,anagmail.com,+34 612345678,3,Inválido,0.56
441,,Calle 789,,,27,Válido,0.76
442,Juan Pérez,Calle 789,,,20,Válido,0.45
443,,Calle 789,juan.perez@email.com,,27,Válido,0.53
444,Luis Martínez,,luis.martinez@email.com,61234-5678,25,Válido,0.65
445,Luis Martínez,Calle 789,luis.martinez@email.com,+34 612345678,2,Inválido,0.42
446,Ana García,Calle 123,juan.perez@email.com,61234-5678,10,Válido,0.56
447,Juan Pérez,,anagmail.com,61234-5678,5,Válido,0.2
448,Ana García,Calle 123,anagmail.com,,29,Válido,0.25
449,,,anagmail.com,,15,Inválido,0.56
450,,Calle 123,luis.martinez@email.com,+34 612345678,5,Inválido,0.62
451,,,juan.perez@email.com,+34 612345678,6,Inválido,0.69
452,Luis Martínez,Calle 123,luis.martinez@email.com,+34 612345678,1,Válido,0.31
453,,Calle 789,anagmail.com,,15,Inválido,0.22
454,Juan Pérez,,luis.martinez@email.com,61234-5678,23,Inválido,0.21
455,Ana García,Calle 789,juan.perez@email.com,+34 612345678,14,Válido,0.55
456,,Calle 456,,+34 612345678,17,Válido,0.28
457,,Calle 123,,+34 612345678,11,Inválido,0.67
458,Luis Martínez,Calle 456,,,17,Válido,0.5
459,,Calle 789,luis.martinez@email.com,+34 698765432,20,Inválido,0.38
460,Ana García,Calle 789,anagmail.com,,12,Inválido,0.37
461,Juan Pérez,Calle 456,anagmail.com,61234-5678,4,Inválido,0.64
462,Juan Pérez,Calle 789,juan.perez@email.com,+34 698765432,28,Inválido,0.24
463,Ana García,Calle 456,,+34 698765432,12,Válido,0.58
464,Juan Pérez,Calle 123,luis.martinez@email.com,61234-5678,15,Inválido,0.43
465,Juan Pérez,,anagmail.com,61234-5678,10,Válido,0.46
466,Juan Pérez,Calle 456,luis.martinez@email.com,+34 612345678,28,Válido,0.35
467,Juan Pérez,Calle 123,juan.perez@email.com,+34 612345678,26,Válido,0.54
468,Luis Martínez,Calle 456,juan.perez@email.com,+34 612345678,14,Válido,0.79
469,,Calle 456,juan.perez@email.com,,11,Inválido,0.48
470,,,juan.perez@email.com,+34 698765432,4,Inválido,0.24
471,Luis Martínez,,luis.martinez@email.com,61234-5678,13,Válido,0.72
472,Ana García,Calle 123,luis.martinez@email.com,+34 698765432,19,Válido,0.67
473,Ana García,Calle 123,juan.perez@email.com,+34 612345678,15,Inválido,0.62
474,Juan Pérez,Calle 456,juan.perez@email.com,+34 612345678,10,Inválido,0.29
475,Ana García,Calle 456,luis.martinez@email.com,+34 698765432,16,Inválido,0.47
476,Luis Martínez,Calle 123,luis.martinez@email.com,,25,Inválido,0.37
477,,Calle 123,luis.martinez@email.com,,25,Inválido,0.31
478,Ana García,Calle 123,luis.martinez@email.com,,6,Inválido,0.51
479,Juan Pérez,Calle 123,,+34 612345678,24,Válido,0.68
480,,Calle 123,,61234-5678,2,Inválido,0.74
481,,Calle 789,anagmail.com,,17,Válido,0.47
482,Juan Pérez,Calle 789,anagmail.com,+34 612345678,3,Válido,0.53
483,,Calle 456,juan.perez@email.com,+34 612345678,4,Inválido,0.47
484,Ana García,Calle 789,juan.perez@email.com,61234-5678,19,Inválido,0.24
485,Luis Martínez,Calle 789,anagmail.com,+34 698765432,4,Inválido,0.25
486,,Calle 456,anagmail.com,,29,Inválido,0.54
487,Ana García,Calle 789,juan.perez@email.com,61234-5678,7,Inválido,0.79
488,,Calle 456,juan.perez@email.com,+34 698765432,19,Válido,0.24
489,,,anagmail.com,61234-5678,22,Inválido,0.65
490,Juan Pérez,Calle 789,luis.martinez@email.com,+34 698765432,15,Válido,0.75
491,Ana García,Calle 789,juan.perez@email.com,61234-5678,23,Inválido,0.75
492,Ana García,Calle 789,juan.perez@email.com,61234-5678,2,Inválido,0.68
493,Luis Martínez,,juan.perez@email.com,,15,Inválido,0.53
494,,Calle 789,anagmail.com,+34 698765432,28,Válido,0.24
495,Ana García,Calle 456,juan.perez@email.com,61234-5678,16,Válido,0.43
496,Juan Pérez,Calle 123,luis.martinez@email.com,61234-5678,30,Válido,0.47
497,Ana García,Calle 123,anagmail.com,+34 612345678,6,Inválido,0.7
498,Juan Pérez,Calle 123,anagmail.com,61234-5678,3,Inválido,0.65
499,Luis Martínez,Calle 456,anagmail.com,61234-5678,3,Válido,0.42
500,Ana García,Calle 456,juan.perez@email.com,61234-5678,6,Inválido,0.7
501,Luis Martínez,,juan.perez@email.com,,6,Válido,0.7
502,Juan Pérez,Calle 123,luis.martinez@email.com,+34 698765432,28,Válido,0.3
503,Juan Pérez,,luis.martinez@email.com,+34 612345678,20,Válido,0.72
504,Juan Pérez,,anagmail.com,+34 698765432,26,Inválido,0.68
505,Luis Martínez,,luis.martinez@email.com,,3,Inválido,0.6
506,Ana García,,juan.perez@email.com,+34 698765432,1,Válido,0.22
507,,Calle 123,,+34 698765432,20,Inválido,0.26
508,Juan Pérez,Calle 456,anagmail.com,,20,Válido,0.58
509,Juan Pérez,Calle 123,anagmail.com,,6,Válido,0.29
510,Juan Pérez,Calle 456,anagmail.com,61234-5678,7,Inválido,0.61
511,Ana García,Calle 123,luis.martinez@email.com,+34 698765432,24,Válido,0.68
512,Ana García,,juan.perez@email.com,,3,Válido,0.47
513,Juan Pérez,Calle 456,anagmail.com,+34 698765432,7,Inválido,0.77
514,,Calle 456,juan.perez@email.com,+34 698765432,2,Válido,0.59
515,Ana García,Calle 789,juan.perez@email.com,,3,Válido,0.67
516,,Calle 789,anagmail.com,,6,Válido,0.54
517,,,,+34 612345678,22,Inválido,0.45
518,Juan Pérez,Calle 456,anagmail.com,,24,Válido,0.4
519,Ana García,,,,5,Válido,0.48
520,Juan Pérez,,juan.perez@email.com,+34 612345678,2,Válido,0.22
521,,Calle 456,anagmail.com,61234-5678,24,Válido,0.56
522,,Calle 123,,,21,Inválido,0.42
523,Juan Pérez,,,+34 698765432,27,Válido,0.56
524,Luis Martínez,Calle 789,,61234-5678,19,Inválido,0.77
525,Ana García,,anagmail.com,+34 612345678,2,Válido,0.49
526,Luis Martínez,,,61234-5678,12,Inválido,0.22
527,Juan Pérez,,anagmail.com,+34 698765432,1,Inválido,0.64
528,Ana García,Calle 456,juan.perez@email.com,+34 612345678,11,Inválido,0.55
529,Juan Pérez,Calle 123,anagmail.com,61234-5678,18,Inválido,0.34
530,,Calle 123,,,25,Válido,0.44
531,Ana García,,juan.perez@email.com,+34 698765432,7,Inválido,0.75
532,Juan Pérez,Calle 456,anagmail.com,,5,Válido,0.79
533,Ana García,Calle 123,,,29,Inválido,0.4
534,Luis Martínez,Calle 123,anagmail.com,+34 612345678,26,Válido,0.21
535,Luis Martínez,Calle 456,luis.martinez@email.com,,27,Inválido,0.46
536,Juan Pérez,Calle 789,juan.perez@email.com,61234-5678,9,Inválido,0.65
537,,Calle 123,luis.martinez@email.com,+34 698765432,14,Válido,0.33
538,Juan Pérez,Calle 456,juan.perez@email.com,61234-5678,26,Válido,0.59
539,Ana García,,juan.perez@email.com,+34 612345678,19,Válido,0.41
540,Ana García,Calle 789,anagmail.com,,18,Inválido,0.36
541,Ana García,,anagmail.com,+34 612345678,12,Válido,0.51
542,,Calle 123,anagmail.com,,16,Válido,0.45
543,Juan Pérez,Calle 456,juan.perez@email.com,61234-5678,22,Inválido,0.43
544,Juan Pérez,Calle 456,anagmail.com,+34 612345678,19,Válido,0.64
545,Ana García,Calle 789,luis.martinez@email.com,61234-5678,10,Inválido,0.41
546,,Calle 789,juan.perez@email.com,,19,Inválido,0.41
547,Ana García,,juan.perez@email.com,+34 612345678,28,Inválido,0.39
548,Ana García,,anagmail.com,+34 698765432,25,Inválido,0.53
549,,Calle 789,juan.perez@email.com,,10,Inválido,0.44
550,Juan Pérez,Calle 456,,+34 698765432,27,Válido,0.59
551,,Calle 123,anagmail.com,+34 698765432,9,Inválido,0.31
552,,,anagmail.com,+34 698765432,23,Válido,0.45
553,Juan Pérez,Calle 456,anagmail.com,,16,Inválido,0.28
554,,,,+34 698765432,2,Inválido,0.76
555,Juan Pérez,,luis.martinez@email.com,61234-5678,30,Válido,0.38
556,,Calle 789,juan.perez@email.com,+34 698765432,7,Válido,0.7
557,Ana García,Calle 789,anagmail.com,+34 698765432,9,Válido,0.37
558,Ana García,,,61234-5678,20,Válido,0.57
559,,Calle 123,luis.martinez@email.com,+34 612345678,2,Válido,0.25
560,Luis Martínez,Calle 123,,,9,Válido,0.24
561,,Calle 789,,+34 612345678,1,Inválido,0.53
562,Juan Pérez,Calle 123,,+34 698765432,15,Válido,0.45
563,,,,,12,Inválido,0.66
564,Ana García,Calle 456,luis.martinez@email.com,61234-5678,1,Inválido,0.39
565,Ana García,Calle 123,,+34 612345678,29,Válido,0.42
566,,Calle 456,anagmail.com,61234-5678,13,Válido,0.79
567,Ana García,Calle 123,juan.perez@email.com,+34 612345678,8,Inválido,0.37
568,Juan Pérez,Calle 123,anagmail.com,61234-5678,11,Inválido,0.58
569,Ana García,Calle 456,anagmail.com,61234-5678,1,Inválido,0.71
570,Juan Pérez,Calle 123,,+34 612345678,1,Válido,0.22
571,Ana García,Calle 456,luis.martinez@email.com,,6,Inválido,0.72
572,Luis Martínez,Calle 123,,+34 698765432,9,Inválido,0.45
573,Luis Martínez,Calle 456,luis.martinez@email.com,61234-5678,11,Válido,0.22
574,Luis Martínez,,juan.perez@email.com,,18,Válido,0.78
575,Juan Pérez,,anagmail.com,+34 612345678,6,Válido,0.32
576,Juan Pérez,Calle 789,anagmail.com,+34 698765432,5,Inválido,0.41
577,Juan Pérez,Calle 789,anagmail.com,+34 698765432,10,Válido,0.78
578,Juan Pérez,Calle 456,,61234-5678,30,Válido,0.72
579,Luis Martínez,Calle 456,,61234-5678,28,Inválido,0.3
580,Luis Martínez,Calle 456,juan.perez@email.com,+34 698765432,7,Inválido,0.48
581,Luis Martínez,,luis.martinez@email.com,61234-5678,15,Inválido,0.79
582,,Calle 789,luis.martinez@email.com,,26,Inválido,0.21
583,Luis Martínez,Calle 456,,+34 612345678,24,Inválido,0.46
584,Luis Martínez,Calle 456,juan.perez@email.com,,23,Válido,0.58
585,Luis Martínez,,anagmail.com,61234-5678,30,Válido,0.57
586,,Calle 789,luis.martinez@email.com,+34 612345678,13,Inválido,0.68
587,Ana García,Calle 456,,,30,Inválido,0.25
588,Ana García,Calle 789,juan.perez@email.com,+34 698765432,25,Inválido,0.39
589,Juan Pérez,Calle 123,juan.perez@email.com,61234-5678,15,Válido,0.51
590,Juan Pérez,,juan.perez@email.com,+34 698765432,15,Inválido,0.39
591,,Calle 456,juan.perez@email.com,,30,Válido,0.34
592,Ana García,,juan.perez@email.com,61234-5678,12,Inválido,0.24
593,,Calle 789,luis.martinez@email.com,+34 698765432,17,Inválido,0.45
594,Luis Martínez,,juan.perez@email.com,+34 612345678,23,Inválido,0.65
595,Ana García,Calle 456,anagmail.com,,24,Válido,0.62
596,Juan Pérez,,anagmail.com,+34 612345678,19,Inválido,0.58
597,,Calle 456,juan.perez@email.com,+34 698765432,9,Válido,0.29
598,Juan Pérez,Calle 789,luis.martinez@email.com,+34 698765432,18,Inválido,0.38
599,Juan Pérez,Calle 123,,+34 612345678,15,Válido,0.63
600,Luis Martínez,Calle 123,anagmail.com,+34 612345678,21,Inválido,0.27
601,Luis Martínez,,juan.perez@email.com,+34 698765432,1,Válido,0.21
602,Juan Pérez,Calle 123,luis.martinez@email.com,61234-5678,24,Inválido,0.29
603,,Calle 456,anagmail.com,+34 612345678,6,Válido,0.65
604,Luis Martínez,Calle 123,luis.martinez@email.com,61234-5678,6,Válido,0.46
605,Juan Pérez,Calle 123,anagmail.com,+34 612345678,17,Válido,0.51
606,Luis Martínez,Calle 789,juan.perez@email.com,61234-5678,25,Inválido,0.63
607,Juan Pérez,Calle 123,anagmail.com,,16,Inválido,0.54
608,Ana García,Calle 789,juan.perez@email.com,61234-5678,6,Válido,0.23
609,Luis Martínez,Calle 789,juan.perez@email.com,61234-5678,13,Válido,0.65
610,Ana García,Calle 123,juan.perez@email.com,,2,Inválido,0.78
611,Ana García,Calle 789,luis.martinez@email.com,,6,Válido,0.28
612,Juan Pérez,Calle 789,anagmail.com,+34 698765432,22,Inválido,0.28
613,Ana García,,luis.martinez@email.com,+34 612345678,8,Inválido,0.74
614,Ana García,Calle 456,luis.martinez@email.com,+34 698765432,3,Inválido,0.45
615,Juan Pérez,,juan.perez@email.com,,5,Válido,0.63
616,Juan Pérez,,anagmail.com,61234-5678,3,Inválido,0.49
617,,Calle 456,luis.martinez@email.com,+34 698765432,4,Válido,0.28
618,Juan Pérez,,,,14,Inválido,0.5
619,Luis Martínez,,juan.perez@email.com,+34 612345678,17,Inválido,0.43
620,,,juan.perez@email.com,,29,Válido,0.53
621,Luis Martínez,Calle 123,anagmail.com,,7,Válido,0.77
622,Juan Pérez,,luis.martinez@email.com,+34 612345678,30,Inválido,0.72
623,Juan Pérez,Calle 456,luis.martinez@email.com,+34 612345678,30,Inválido,0.77
624,Luis Martínez,,juan.perez@email.com,+34 612345678,6,Válido,0.27
625,Luis Martínez,,luis.martinez@email.com,,21,Inválido,0.59
626,Juan Pérez,Calle 123,anagmail.com,+34 698765432,3,Inválido,0.44
627,,Calle 123,,61234-5678,11,Inválido,0.31
628,Luis Martínez,,luis.martinez@email.com,+34 698765432,13,Válido,0.75
629,,,anagmail.com,+34 612345678,24,Válido,0.67
630,Juan Pérez,Calle 789,,61234-5678,23,Válido,0.55
631,Ana García,,juan.perez@email.com,61234-5678,20,Válido,0.79
632,Juan Pérez,Calle 123,,+34 698765432,1,Inválido,0.74
633,Luis Martínez,,anagmail.com,+34 698765432,29,Inválido,0.3
634,,,,+34 612345678,4,Válido,0.56
635,Juan Pérez,Calle 123,luis.martinez@email.com,+34 612345678,10,Válido,0.57
636,Luis Martínez,,luis.martinez@email.com,,23,Válido,0.75
637,Luis Martínez,Calle 456,luis.martinez@email.com,61234-5678,19,Válido,0.49
638,,,anagmail.com,+34 612345678,10,Válido,0.26
639,Juan Pérez,Calle 123,anagmail.com,+34 698765432,25,Válido,0.63
640,,Calle 123,juan.perez@email.com,61234-5678,6,Inválido,0.71
641,,,,61234-5678,28,Válido,0.48
642,Luis Martínez,,anagmail.com,+34 698765432,8,Válido,0.39
643,Luis Martínez,Calle 456,luis.martinez@email.com,,6,Válido,0.33
644,Luis Martínez,,anagmail.com,,16,Válido,0.3
645,,Calle 123,anagmail.com,61234-5678,9,Inválido,0.27
646,,Calle 123,anagmail.com,+34 612345678,5,Válido,0.38
647,,,luis.martinez@email.com,+34 698765432,2,Válido,0.25
648,Luis Martínez,,luis.martinez@email.com,+34 612345678,28,Inválido,0.62
649,Juan Pérez,Calle 456,luis.martinez@email.com,,7,Inválido,0.3
650,Luis Martínez,Calle 789,juan.perez@email.com,61234-5678,20,Válido,0.29
651,Juan Pérez,,,,12,Inválido,0.59
652,Ana García,Calle 123,anagmail.com,,18,Inválido,0.51
653,Ana García,,luis.martinez@email.com,+34 612345678,23,Válido,0.4
654,Luis Martínez,,,61234-5678,16,Válido,0.23
655,Luis Martínez,,luis.martinez@email.com,,11,Inválido,0.56
656,Ana García,,juan.perez@email.com,61234-5678,15,Válido,0.53
657,Juan Pérez,,juan.perez@email.com,61234-5678,12,Válido,0.26
658,,Calle 456,luis.martinez@email.com,61234-5678,14,Inválido,0.29
659,Luis Martínez,Calle 456,juan.perez@email.com,61234-5678,25,Válido,0.5
660,,Calle 789,anagmail.com,+34 612345678,2,Válido,0.38
661,Juan Pérez,Calle 456,anagmail.com,61234-5678,7,Válido,0.57
662,Ana García,Calle 789,anagmail.com,61234-5678,20,Válido,0.35
663,,Calle 789,,+34 612345678,29,Válido,0.79
664,,Calle 123,luis.martinez@email.com,+34 612345678,16,Inválido,0.32
665,Ana García,Calle 123,,61234-5678,13,Válido,0.79
666,,Calle 456,,,25,Inválido,0.63
667,Ana García,Calle 789,juan.perez@email.com,,19,Válido,0.24
668,,Calle 123,anagmail.com,61234-5678,28,Válido,0.72
669,Luis Martínez,,,,17,Válido,0.31
670,Luis Martínez,Calle 456,anagmail.com,+34 612345678,15,Válido,0.29
671,Luis Martínez,Calle 123,luis.martinez@email.com,61234-5678,22,Válido,0.55
672,,Calle 789,,+34 698765432,5,Inválido,0.42
673,Juan Pérez,Calle 789,,,13,Inválido,0.24
674,Juan Pérez,Calle 456,anagmail.com,+34 612345678,18,Válido,0.41
675,Juan Pérez,Calle 456,anagmail.com,,19,Inválido,0.57
676,Luis Martínez,Calle 789,,61234-5678,20,Inválido,0.73
677,Luis Martínez,Calle 123,,61234-5678,9,Inválido,0.47
678,,,anagmail.com,61234-5678,8,Inválido,0.49
679,Juan Pérez,Calle 789,luis.martinez@email.com,,18,Válido,0.71
680,,Calle 456,luis.martinez@email.com,+34 698765432,7,Válido,0.5
681,Luis Martínez,Calle 789,,61234-5678,2,Inválido,0.29
682,Ana García,,juan.perez@email.com,+34 612345678,7,Inválido,0.29
683,,Calle 456,luis.martinez@email.com,+34 612345678,6,Inválido,0.37
684,Ana García,Calle 789,anagmail.com,,14,Válido,0.23
685,Juan Pérez,Calle 456,juan.perez@email.com,+34 698765432,9,Válido,0.72
686,Ana García,Calle 123,luis.martinez@email.com,,3,Válido,0.52
687,Juan Pérez,,luis.martinez@email.com,61234-5678,17,Inválido,0.74
688,Juan Pérez,Calle 456,luis.martinez@email.com,61234-5678,22,Válido,0.21
689,,Calle 456,luis.martinez@email.com,,6,Inválido,0.27
690,Luis Martínez,Calle 123,juan.perez@email.com,,8,Válido,0.31
691,,Calle 789,juan.perez@email.com,+34 698765432,15,Inválido,0.54
692,,Calle 123,luis.martinez@email.com,,30,Inválido,0.54
693,,,luis.martinez@email.com,61234-5678,14,Inválido,0.22
694,,Calle 456,anagmail.com,+34 698765432,13,Válido,0.55
695,Juan Pérez,Calle 123,,+34 698765432,23,Inválido,0.28
696,Ana García,Calle 123,,+34 698765432,24,Inválido,0.38
697,,Calle 789,luis.martinez@email.com,,29,Inválido,0.38
698,Luis Martínez,Calle 456,juan.perez@email.com,61234-5678,1,Inválido,0.26
699,Juan Pérez,Calle 123,luis.martinez@email.com,,5,Inválido,0.29
700,Juan Pérez,Calle 789,luis.martinez@email.com,+34 698765432,3,Inválido,0.79
701,Juan Pérez,,luis.martinez@email.com,+34 612345678,2,Inválido,0.29
702,Ana García,Calle 123,,61234-5678,8,Válido,0.69
703,Luis Martínez,Calle 789,,+34 698765432,8,Inválido,0.75
704,,Calle 789,anagmail.com,+34 612345678,2,Inválido,0.57
705,Juan Pérez,Calle 123,,+34 698765432,6,Inválido,0.34
706,Luis Martínez,Calle 789,anagmail.com,,11,Válido,0.29
707,Luis Martínez,,anagmail.com,61234-5678,10,Válido,0.72
708,,,luis.martinez@email.com,+34 612345678,22,Inválido,0.47
709,,Calle 789,luis.martinez@email.com,+34 698765432,21,Válido,0.74
710,,,luis.martinez@email.com,,1,Inválido,0.23
711,Ana García,Calle 456,anagmail.com,,23,Válido,0.76
712,,Calle 789,,61234-5678,12,Válido,0.36
713,Ana García,Calle 123,luis.martinez@email.com,+34 612345678,25,Inválido,0.75
714,,Calle 789,luis.martinez@email.com,,5,Válido,0.74
715,Juan Pérez,Calle 789,luis.martinez@email.com,+34 612345678,7,Inválido,0.47
716,Ana García,Calle 123,luis.martinez@email.com,61234-5678,15,Inválido,0.42
717,Luis Martínez,Calle 456,luis.martinez@email.com,+34 612345678,21,Inválido,0.57
718,,Calle 456,juan.perez@email.com,,28,Válido,0.57
719,Luis Martínez,Calle 456,luis.martinez@email.com,,5,Válido,0.37
720,Ana García,Calle 456,luis.martinez@email.com,+34 698765432,6,Válido,0.72
721,Ana García,,luis.martinez@email.com,+34 698765432,3,Inválido,0.28
722,Juan Pérez,Calle 123,anagmail.com,+34 612345678,11,Inválido,0.47
723,Juan Pérez,,anagmail.com,+34 612345678,28,Inválido,0.52
724,Luis Martínez,Calle 789,juan.perez@email.com,+34 612345678,17,Inválido,0.79
725,Luis Martínez,Calle 123,anagmail.com,+34 698765432,5,Inválido,0.25
726,Luis Martínez,Calle 789,,+34 612345678,30,Válido,0.52
727,Luis Martínez,Calle 123,anagmail.com,61234-5678,30,Válido,0.28
728,,Calle 123,juan.perez@email.com,+34 698765432,18,Válido,0.4
729,Juan Pérez,,luis.martinez@email.com,,21,Inválido,0.59
730,Ana García,Calle 456,luis.martinez@email.com,+34 698765432,11,Válido,0.68
731,Luis Martínez,Calle 456,,+34 698765432,20,Válido,0.21
732,Luis Martínez,Calle 789,luis.martinez@email.com,+34 698765432,28,Válido,0.56
733,Luis Martínez,,anagmail.com,+34 698765432,22,Inválido,0.51
734,,Calle 123,,61234-5678,14,Válido,0.3
735,Juan Pérez,Calle 456,anagmail.com,,30,Inválido,0.31
736,Luis Martínez,Calle 789,juan.perez@email.com,+34 698765432,1,Inválido,0.28
737,Ana García,Calle 789,,,28,Inválido,0.25
738,Juan Pérez,Calle 456,juan.perez@email.com,+34 612345678,5,Válido,0.6
739,,Calle 123,,+34 612345678,20,Inválido,0.64
740,Ana García,,juan.perez@email.com,61234-5678,28,Inválido,0.35
741,Juan Pérez,Calle 789,juan.perez@email.com,+34 698765432,2,Inválido,0.24
742,Ana García,,luis.martinez@email.com,+34 698765432,25,Válido,0.77
743,,,,61234-5678,3,Válido,0.76
744,Luis Martínez,,luis.martinez@email.com,,15,Inválido,0.63
745,Ana García,Calle 456,juan.perez@email.com,+34 698765432,13,Inválido,0.35
746,Luis Martínez,Calle 456,anagmail.com,+34 698765432,2,Inválido,0.45
747,Ana García,Calle 123,anagmail.com,,30,Válido,0.71
748,Luis Martínez,Calle 456,,61234-5678,25,Válido,0.51
749,Juan Pérez,Calle 456,,61234-5678,7,Válido,0.73
750,,,juan.perez@email.com,,1,Válido,0.76
751,,Calle 789,,+34 612345678,21,Inválido,0.29
752,Juan Pérez,Calle 789,,+34 698765432,3,Inválido,0.22
753,Luis Martínez,Calle 456,anagmail.com,+34 612345678,11,Inválido,0.21
754,Juan Pérez,Calle 123,anagmail.com,+34 612345678,5,Válido,0.74
755,Luis Martínez,Calle 456,,61234-5678,30,Válido,0.49
756,,Calle 789,luis.martinez@email.com,+34 698765432,30,Válido,0.37
757,Juan Pérez,Calle 123,,,19,Inválido,0.77
758,Luis Martínez,Calle 789,juan.perez@email.com,+34 698765432,7,Inválido,0.3
759,Luis Martínez,Calle 789,anagmail.com,61234-5678,29,Inválido,0.4
760,Ana García,Calle 789,anagmail.com,61234-5678,20,Válido,0.36
761,Juan Pérez,Calle 123,luis.martinez@email.com,,27,Válido,0.33
762,Ana García,Calle 456,,+34 612345678,4,Válido,0.27
763,,Calle 456,luis.martinez@email.com,,4,Inválido,0.22
764,Luis Martínez,Calle 789,,,21,Válido,0.64
765,Ana García,Calle 123,,+34 612345678,12,Válido,0.35
766,,Calle 123,,,26,Inválido,0.3
767,Ana García,Calle 123,anagmail.com,+34 698765432,22,Válido,0.68
768,Ana García,Calle 123,juan.perez@email.com,,27,Inválido,0.35
769,Luis Martínez,,luis.martinez@email.com,+34 612345678,5,Válido,0.74
770,Ana García,Calle 123,anagmail.com,61234-5678,16,Válido,0.21
771,,Calle 456,,+34 612345678,1,Válido,0.59
772,,Calle 123,,+34 698765432,30,Inválido,0.3
773,,,luis.martinez@email.com,61234-5678,5,Inválido,0.74
774,Luis Martínez,Calle 123,luis.martinez@email.com,+34 698765432,21,Válido,0.21
775,Luis Martínez,Calle 789,,+34 698765432,30,Válido,0.52
776,Juan Pérez,Calle 456,,+34 698765432,12,Válido,0.45
777,Juan Pérez,Calle 456,luis.martinez@email.com,,8,Inválido,0.39
778,,Calle 456,,+34 698765432,16,Inválido,0.59
779,Ana García,,juan.perez@email.com,+34 698765432,11,Inválido,0.4
780,,Calle 456,juan.perez@email.com,+34 698765432,18,Inválido,0.23
781,Ana García,Calle 789,,,16,Válido,0.43
782,Juan Pérez,Calle 456,,+34 698765432,22,Válido,0.31
783,,Calle 456,anagmail.com,+34 612345678,23,Inválido,0.59
784,Ana García,Calle 123,anagmail.com,+34 612345678,16,Válido,0.77
785,,Calle 123,,61234-5678,4,Inválido,0.51
786,Luis Martínez,Calle 456,juan.perez@email.com,61234-5678,8,Inválido,0.59
787,,Calle 789,anagmail.com,+34 698765432,21,Inválido,0.55
788,Ana García,,luis.martinez@email.com,,11,Válido,0.45
789,Luis Martínez,Calle 789,anagmail.com,61234-5678,3,Válido,0.31
790,Juan Pérez,,,+34 698765432,30,Inválido,0.67
791,Juan Pérez,Calle 789,luis.martinez@email.com,+34 612345678,30,Válido,0.66
792,,Calle 456,anagmail.com,61234-5678,19,Inválido,0.55
793,,Calle 456,,,24,Válido,0.36
794,Juan Pérez,Calle 456,juan.perez@email.com,+34 612345678,8,Válido,0.56
795,Ana García,,,61234-5678,15,Válido,0.58
796,Luis Martínez,,juan.perez@email.com,+34 612345678,29,Válido,0.72
797,Luis Martínez,,,+34 612345678,12,Válido,0.52
798,Ana García,,,,26,Inválido,0.38
799,Juan Pérez,Calle 123,anagmail.com,+34 612345678,10,Inválido,0.47
800,Ana García,,,+34 698765432,2,Inválido,0.55
801,Luis Martínez,Calle 456,,+34 612345678,22,Válido,0.75
802,Ana García,Calle 456,anagmail.com,,13,Válido,0.46
803,Luis Martínez,Calle 456,juan.perez@email.com,61234-5678,2,Válido,0.3
804,,Calle 789,,,3,Inválido,0.68
805,Luis Martínez,Calle 789,anagmail.com,,13,Inválido,0.32
806,Juan Pérez,Calle 789,juan.perez@email.com,+34 612345678,25,Inválido,0.59
807,Juan Pérez,Calle 123,juan.perez@email.com,+34 698765432,14,Válido,0.53
808,,Calle 789,anagmail.com,+34 612345678,12,Inválido,0.57
809,,,juan.perez@email.com,+34 612345678,16,Inválido,0.44
810,Ana García,Calle 789,anagmail.com,61234-5678,2,Inválido,0.32
811,Luis Martínez,Calle 456,juan.perez@email.com,+34 612345678,8,Válido,0.46
812,Ana García,Calle 789,anagmail.com,+34 612345678,13,Inválido,0.67
813,,Calle 789,,61234-5678,14,Válido,0.61
814,Juan Pérez,Calle 123,juan.perez@email.com,+34 612345678,18,Inválido,0.2
815,,,luis.martinez@email.com,,25,Válido,0.57
816,Juan Pérez,Calle 789,anagmail.com,+34 698765432,3,Inválido,0.67
817,,Calle 456,juan.perez@email.com,+34 612345678,17,Válido,0.73
818,Ana García,Calle 123,juan.perez@email.com,+34 698765432,22,Inválido,0.66
819,Juan Pérez,Calle 789,juan.perez@email.com,+34 698765432,9,Válido,0.75
820,Ana García,Calle 789,juan.perez@email.com,,13,Inválido,0.68
821,Juan Pérez,Calle 123,luis.martinez@email.com,61234-5678,28,Válido,0.77
822,Juan Pérez,Calle 456,,+34 698765432,22,Válido,0.47
823,Ana García,Calle 789,luis.martinez@email.com,61234-5678,11,Inválido,0.51
824,Ana García,Calle 123,,,2,Válido,0.76
825,Luis Martínez,Calle 123,anagmail.com,+34 612345678,12,Válido,0.27
826,Juan Pérez,Calle 789,,+34 612345678,15,Válido,0.51
827,Luis Martínez,,anagmail.com,,29,Válido,0.75
828,Luis Martínez,Calle 789,anagmail.com,+34 698765432,5,Válido,0.71
829,Luis Martínez,Calle 123,anagmail.com,+34 698765432,5,Válido,0.66
830,Juan Pérez,Calle 456,juan.perez@email.com,+34 612345678,23,Inválido,0.33
831,Luis Martínez,Calle 123,anagmail.com,+34 612345678,27,Inválido,0.48
832,Luis Martínez,Calle 456,luis.martinez@email.com,61234-5678,21,Inválido,0.75
833,Luis Martínez,Calle 123,anagmail.com,61234-5678,18,Válido,0.78
834,Luis Martínez,,anagmail.com,+34 698765432,12,Válido,0.32
835,Ana García,,,+34 698765432,26,Válido,0.72
836,,Calle 123,anagmail.com,+34 698765432,29,Válido,0.29
837,,Calle 456,luis.martinez@email.com,+34 612345678,11,Válido,0.37
838,Ana García,Calle 456,juan.perez@email.com,+34 612345678,25,Válido,0.49
839,Juan Pérez,Calle 789,juan.perez@email.com,61234-5678,27,Inválido,0.69
840,,,,+34 612345678,11,Inválido,0.63
841,Juan Pérez,Calle 789,anagmail.com,61234-5678,29,Válido,0.57
842,Luis Martínez,Calle 789,,+34 612345678,7,Inválido,0.52
843,,,juan.perez@email.com,,28,Válido,0.54
844,Juan Pérez,Calle 456,juan.perez@email.com,,15,Inválido,0.48
845,Ana García,,juan.perez@email.com,+34 612345678,2,Inválido,0.41
846,Luis Martínez,Calle 456,,+34 612345678,1,Inválido,0.42
847,Ana García,Calle 789,luis.martinez@email.com,+34 698765432,26,Válido,0.62
848,,Calle 789,anagmail.com,61234-5678,25,Inválido,0.69
849,Ana García,,luis.martinez@email.com,61234-5678,22,Inválido,0.38
850,Juan Pérez,Calle 789,luis.martinez@email.com,,11,Válido,0.38
851,Luis Martínez,,anagmail.com,+34 612345678,19,Válido,0.42
852,Ana García,,juan.perez@email.com,+34 698765432,24,Válido,0.51
853,Luis Martínez,Calle 789,,+34 612345678,4,Inválido,0.55
854,Luis Martínez,Calle 123,juan.perez@email.com,61234-5678,10,Válido,0.75
855,,,luis.martinez@email.com,61234-5678,17,Válido,0.37
856,Luis Martínez,Calle 123,anagmail.com,61234-5678,25,Inválido,0.59
857,,Calle 123,juan.perez@email.com,+34 698765432,27,Inválido,0.33
858,,Calle 456,juan.perez@email.com,+34 612345678,30,Válido,0.61
859,Luis Martínez,Calle 456,juan.perez@email.com,+34 612345678,5,Válido,0.66
860,,,luis.martinez@email.com,+34 698765432,13,Inválido,0.78
861,Ana García,,anagmail.com,+34 698765432,23,Válido,0.35
862,Luis Martínez,Calle 123,anagmail.com,+34 698765432,24,Inválido,0.76
863,Luis Martínez,Calle 456,luis.martinez@email.com,+34 612345678,27,Inválido,0.26
864,Juan Pérez,Calle 456,anagmail.com,,22,Válido,0.37
865,Juan Pérez,Calle 123,juan.perez@email.com,+34 612345678,19,Inválido,0.57
866,Ana García,,juan.perez@email.com,+34 698765432,24,Válido,0.55
867,,,,,9,Válido,0.52
868,Luis Martínez,Calle 456,,+34 612345678,19,Inválido,0.43
869,,Calle 456,anagmail.com,61234-5678,11,Válido,0.79
870,Juan Pérez,Calle 456,,+34 698765432,11,Inválido,0.68
871,Ana García,,anagmail.com,,27,Válido,0.67
872,Luis Martínez,Calle 123,juan.perez@email.com,61234-5678,1,Válido,0.35
873,Juan Pérez,,anagmail.com,+34 612345678,10,Inválido,0.65
874,Luis Martínez,,juan.perez@email.com,+34 612345678,2,Inválido,0.51
875,Juan Pérez,Calle 789,anagmail.com,+34 612345678,22,Inválido,0.41
876,Ana García,,luis.martinez@email.com,+34 612345678,10,Inválido,0.37
877,Luis Martínez,Calle 456,juan.perez@email.com,+34 698765432,27,Válido,0.5
878,Ana García,Calle 789,anagmail.com,+34 698765432,24,Válido,0.24
879,Juan Pérez,Calle 789,luis.martinez@email.com,+34 612345678,14,Inválido,0.29
880,Juan Pérez,Calle 123,luis.martinez@email.com,,21,Válido,0.74
881,Juan Pérez,Calle 456,luis.martinez@email.com,+34 612345678,5,Válido,0.77
882,Juan Pérez,,anagmail.com,+34 698765432,25,Inválido,0.34
883,,,anagmail.com,+34 612345678,28,Válido,0.61
884,Juan Pérez,Calle 456,luis.martinez@email.com,+34 612345678,27,Válido,0.54
885,Ana García,Calle 123,,,15,Válido,0.28
886,Juan Pérez,Calle 789,luis.martinez@email.com,+34 698765432,21,Inválido,0.28
887,Luis Martínez,Calle 789,,+34 698765432,4,Inválido,0.26
888,Ana García,,luis.martinez@email.com,+34 698765432,10,Válido,0.5
889,Juan Pérez,Calle 123,juan.perez@email.com,+34 612345678,24,Válido,0.78
890,Ana García,Calle 123,anagmail.com,,15,Inválido,0.77
891,,Calle 123,,+34 612345678,16,Inválido,0.49
892,Juan Pérez,Calle 456,juan.perez@email.com,,13,Inválido,0.69
893,Juan Pérez,Calle 789,luis.martinez@email.com,61234-5678,12,Válido,0.46
894,Ana García,Calle 456,juan.perez@email.com,,16,Inválido,0.52
895,,,juan.perez@email.com,+34 698765432,4,Inválido,0.41
896,Ana García,Calle 123,,61234-5678,10,Inválido,0.69
897,Luis Martínez,Calle 789,anagmail.com,+34 698765432,7,Válido,0.58
898,Ana García,Calle 456,luis.martinez@email.com,+34 698765432,29,Válido,0.34
899,,Calle 456,juan.perez@email.com,61234-5678,6,Válido,0.61
900,Luis Martínez,,,+34 612345678,21,Inválido,0.55
901,Juan Pérez,Calle 789,anagmail.com,,7,Válido,0.66
902,Luis Martínez,Calle 123,,+34 698765432,28,Válido,0.32
903,Luis Martínez,,juan.perez@email.com,61234-5678,12,Inválido,0.34
904,Luis Martínez,Calle 123,anagmail.com,+34 612345678,26,Inválido,0.77
905,Luis Martínez,Calle 789,,,9,Inválido,0.61
906,Luis Martínez,Calle 123,juan.perez@email.com,+34 698765432,18,Inválido,0.29
907,Juan Pérez,Calle 789,,+34 698765432,12,Válido,0.4
908,Juan Pérez,Calle 123,luis.martinez@email.com,,14,Válido,0.5
909,Juan Pérez,Calle 789,,61234-5678,30,Inválido,0.78
910,Luis Martínez,Calle 789,juan.perez@email.com,+34 612345678,2,Inválido,0.48
911,Juan Pérez,Calle 456,luis.martinez@email.com,+34 698765432,29,Válido,0.28
912,Juan Pérez,Calle 123,juan.perez@email.com,,9,Inválido,0.61
913,,Calle 456,juan.perez@email.com,+34 612345678,10,Válido,0.57
914,Luis Martínez,,juan.perez@email.com,,2,Válido,0.49
915,Luis Martínez,Calle 123,juan.perez@email.com,+34 612345678,9,Válido,0.51
916,,Calle 456,,61234-5678,10,Válido,0.71
917,,Calle 123,,,21,Inválido,0.62
918,Ana García,Calle 789,juan.perez@email.com,+34 612345678,10,Inválido,0.44
919,,Calle 789,luis.martinez@email.com,,15,Válido,0.32
920,Luis Martínez,,anagmail.com,,18,Inválido,0.69
921,Luis Martínez,Calle 456,anagmail.com,+34 698765432,10,Inválido,0.71
922,Ana García,,juan.perez@email.com,,9,Inválido,0.66
923,Juan Pérez,Calle 456,juan.perez@email.com,61234-5678,22,Válido,0.51
924,Juan Pérez,Calle 789,anagmail.com,+34 612345678,9,Válido,0.42
925,Luis Martínez,Calle 456,anagmail.com,61234-5678,19,Inválido,0.46
926,,Calle 123,luis.martinez@email.com,61234-5678,15,Inválido,0.3
927,,,juan.perez@email.com,,21,Válido,0.76
928,Luis Martínez,Calle 123,luis.martinez@email.com,61234-5678,13,Válido,0.61
929,,Calle 789,anagmail.com,61234-5678,5,Válido,0.56
930,Juan Pérez,Calle 456,anagmail.com,61234-5678,19,Válido,0.41
931,Luis Martínez,Calle 123,juan.perez@email.com,+34 612345678,1,Inválido,0.78
932,Juan Pérez,,,61234-5678,26,Válido,0.25
933,Ana García,Calle 123,luis.martinez@email.com,+34 698765432,23,Inválido,0.61
934,Ana García,,luis.martinez@email.com,+34 698765432,10,Válido,0.67
935,,Calle 789,anagmail.com,,2,Inválido,0.37
936,Ana García,Calle 123,,+34 698765432,5,Válido,0.33
937,Luis Martínez,Calle 456,juan.perez@email.com,+34 612345678,3,Inválido,0.52
938,Ana García,,luis.martinez@email.com,+34 698765432,13,Válido,0.58
939,Luis Martínez,,anagmail.com,+34 698765432,24,Inválido,0.2
940,Luis Martínez,Calle 456,,+34 612345678,5,Válido,0.79
941,Ana García,,anagmail.com,+34 698765432,26,Inválido,0.71
942,,,juan.perez@email.com,+34 612345678,24,Válido,0.53
943,,Calle 789,juan.perez@email.com,+34 698765432,14,Válido,0.27
944,Ana García,Calle 123,juan.perez@email.com,+34 612345678,8,Válido,0.29
945,Juan Pérez,Calle 123,luis.martinez@email.com,+34 612345678,17,Válido,0.54
946,Ana García,Calle 456,luis.martinez@email.com,61234-5678,7,Válido,0.65
947,Juan Pérez,,juan.perez@email.com,,18,Válido,0.27
948,,Calle 789,,+34 698765432,29,Inválido,0.22
949,Luis Martínez,,,+34 612345678,23,Inválido,0.57
950,,Calle 456,luis.martinez@email.com,+34 612345678,10,Inválido,0.77
951,Luis Martínez,Calle 456,juan.perez@email.com,,30,Inválido,0.57
952,Luis Martínez,Calle 456,juan.perez@email.com,+34 612345678,10,Válido,0.72
953,Juan Pérez,Calle 456,juan.perez@email.com,61234-5678,8,Válido,0.6
954,Luis Martínez,Calle 789,,,4,Inválido,0.31
955,,Calle 456,,61234-5678,24,Válido,0.39
956,,Calle 456,anagmail.com,+34 698765432,28,Inválido,0.38
957,Ana García,Calle 789,luis.martinez@email.com,61234-5678,27,Inválido,0.72
958,,Calle 456,juan.perez@email.com,+34 698765432,23,Válido,0.24
959,Juan Pérez,Calle 456,luis.martinez@email.com,61234-5678,24,Inválido,0.4
960,Ana García,Calle 123,luis.martinez@email.com,61234-5678,24,Válido,0.37
961,Ana García,Calle 123,juan.perez@email.com,,18,Válido,0.28
962,Luis Martínez,,anagmail.com,61234-5678,15,Válido,0.54
963,Juan Pérez,Calle 123,,+34 612345678,13,Válido,0.32
964,Juan Pérez,Calle 456,juan.perez@email.com,+34 698765432,27,Válido,0.33
965,Luis Martínez,Calle 789,juan.perez@email.com,,13,Inválido,0.21
966,Juan Pérez,Calle 123,,+34 612345678,16,Válido,0.7
967,Luis Martínez,Calle 123,luis.martinez@email.com,,25,Inválido,0.67
968,Luis Martínez,Calle 789,luis.martinez@email.com,61234-5678,13,Válido,0.69
969,,,,+34 612345678,27,Válido,0.24
970,Ana García,,luis.martinez@email.com,,19,Válido,0.33
971,Juan Pérez,Calle 123,,+34 698765432,4,Inválido,0.72
972,Luis Martínez,Calle 789,anagmail.com,61234-5678,10,Inválido,0.29
973,,Calle 456,anagmail.com,,21,Inválido,0.51
974,Ana García,Calle 789,luis.martinez@email.com,61234-5678,3,Válido,0.66
975,Juan Pérez,Calle 789,anagmail.com,,25,Válido,0.32
976,Luis Martínez,Calle 789,luis.martinez@email.com,61234-5678,17,Válido,0.36
977,,Calle 123,anagmail.com,,29,Inválido,0.76
978,Luis Martínez,,luis.martinez@email.com,+34 698765432,8,Inválido,0.68
979,Juan Pérez,Calle 789,juan.perez@email.com,+34 612345678,27,Inválido,0.34
980,Luis Martínez,Calle 123,,,9,Válido,0.46
981,Ana García,Calle 456,luis.martinez@email.com,+34 698765432,19,Inválido,0.36
982,,Calle 123,anagmail.com,+34 698765432,7,Inválido,0.31
983,,,anagmail.com,61234-5678,27,Inválido,0.34
984,,Calle 789,luis.martinez@email.com,+34 698765432,24,Inválido,0.39
985,,,luis.martinez@email.com,+34 698765432,21,Válido,0.64
986,Juan Pérez,Calle 789,luis.martinez@email.com,,26,Inválido,0.28
987,Ana García,Calle 123,juan.perez@email.com,61234-5678,27,Válido,0.21
988,Ana García,,luis.martinez@email.com,+34 612345678,26,Inválido,0.31
989,,Calle 456,juan.perez@email.com,,29,Válido,0.66
990,Luis Martínez,Calle 456,anagmail.com,,27,Válido,0.44
991,Ana García,Calle 456,luis.martinez@email.com,,20,Inválido,0.35
992,Luis Martínez,Calle 789,juan.perez@email.com,,5,Válido,0.22
993,Juan Pérez,,luis.martinez@email.com,,8,Inválido,0.73
994,,Calle 456,anagmail.com,+34 698765432,9,Válido,0.45
995,Luis Martínez,Calle 789,anagmail.com,+34 612345678,3,Inválido,0.71
996,Ana García,Calle 456,anagmail.com,+34 612345678,16,Válido,0.42
997,Juan Pérez,Calle 123,,+34 612345678,27,Válido,0.53
998,,Calle 123,luis.martinez@email.com,61234-5678,26,Inválido,0.48
999,Ana García,Calle 789,,61234-5678,19,Inválido,0.53
1000,,,anagmail.com,61234-5678,6,Inválido,0.64
